question,answer
How can I apply for admission?,You can apply for admission through the college admission portal.
What is the admission process?,The admission process includes application submission document verification and fee payment.
What documents are required for admission?,Students need academic certificates identity proof photographs and other required documents.
What are the college timings?,The college is open from 9:00 AM to 4:30 PM.
When does the academic year start?,The academic year usually starts after the admission process is completed.
How can I pay my college fees?,You can pay your college fees through the student portal or college office.
What courses are offered?,The university offers undergraduate postgraduate and other professional courses.
How can I check my admission status?,You can check your admission status through the college admission portal.
Is hostel facility available?,Yes hostel facilities are available for eligible students.
How can I apply for hostel?,Students can apply for hostel accommodation through the college hostel office.
Is there a library in the college?,Yes the college has a library with academic books journals and other learning resources.
What are the library timings?,The library is generally open during college workihowng hours.
How can I contact the college?,You can contact the college office through the official phone number or email.
Where is the college located?,The college is located on the university campus.
When are semester exams conducted?,Semester examinations are generally conducted at the end of each semester.
How can I get my exam timetable?,The examination timetable can be obtained from the student portal or examination department.
Are scholarships available?,Yes scholarships may be available for eligible students according to university rules.
How can I apply for a scholarship?,Eligible students can apply for scholarships through the scholarship portal or college office.
How can I get my student ID card?,Students can collect their student ID card from the college administration office.
What should I do if I have a problem with my course?,You can contact your department faculty or academic office for assistance.